{
    "featured_properties": [
        {
            "id": 486,
            "StreetNumber": "78",
            "StreetDirPrefix": "",
            "UnparsedAddress": "78 Saddlepeace Manor NE",
            "slug_url": "78-saddlepeace-manor-ne",
            "StreetName": "Saddlepeace",
            "StreetSuffix": "Manor",
            "UnitNumber": "",
            "ListPrice": "33.00",
            "BathroomsFull": "",
            "BedroomsTotal": "",
            "BuildingAreaTotalSF": "10800.00",
            "PropertyType": "Commercial",
            "City": "Calgary",
            "ListingId": "A1195861",
            "image_url": "storage\/68007997\/photo-68007997-1.jpeg",
            "LivingAreaSF": "",
            "StateOrProvince": "Alberta"
        },
        {
            "id": 1838,
            "StreetNumber": "1404",
            "StreetDirPrefix": "",
            "UnparsedAddress": "3-5, 1404 44 Avenue NE",
            "slug_url": "3-5-1404-44-avenue-ne",
            "StreetName": "44",
            "StreetSuffix": "Avenue",
            "UnitNumber": "3-5",
            "ListPrice": "12.00",
            "BathroomsFull": "",
            "BedroomsTotal": "",
            "BuildingAreaTotalSF": "6330.00",
            "PropertyType": "Commercial",
            "City": "Calgary",
            "ListingId": "A2041633",
            "image_url": "storage\/81547947\/photo-81547947-1.jpeg",
            "LivingAreaSF": "",
            "StateOrProvince": "Alberta"
        },
        {
            "id": 1863,
            "StreetNumber": "328",
            "StreetDirPrefix": "",
            "UnparsedAddress": "328 Silver Crest Drive NW",
            "slug_url": "328-silver-crest-drive-nw",
            "StreetName": "Silver Crest",
            "StreetSuffix": "Drive",
            "UnitNumber": "",
            "ListPrice": "1175000.00",
            "BathroomsFull": "",
            "BedroomsTotal": "",
            "BuildingAreaTotalSF": "",
            "PropertyType": "Land",
            "City": "Calgary",
            "ListingId": "A2042507",
            "image_url": "storage\/81647581\/photo-81647581-1.jpeg",
            "LivingAreaSF": "",
            "StateOrProvince": "Alberta"
        },
        {
            "id": 2398,
            "StreetNumber": "5-5-32-33-SE",
            "StreetDirPrefix": "",
            "UnparsedAddress": "5-5-32-33-SE none  ",
            "slug_url": "5-5-32-33-se-none",
            "StreetName": "none",
            "StreetSuffix": "",
            "UnitNumber": "",
            "ListPrice": "1950000.00",
            "BathroomsFull": "",
            "BedroomsTotal": "",
            "BuildingAreaTotalSF": "",
            "PropertyType": "Land",
            "City": "Sundre",
            "ListingId": "A2056674",
            "image_url": "storage\/83730391\/photo-83730391-1.jpeg",
            "LivingAreaSF": "",
            "StateOrProvince": "Alberta"
        },
        {
            "id": 2711,
            "StreetNumber": "",
            "StreetDirPrefix": "",
            "UnparsedAddress": "",
            "slug_url": "",
            "StreetName": "",
            "StreetSuffix": "",
            "UnitNumber": "",
            "ListPrice": "129000.00",
            "BathroomsFull": "",
            "BedroomsTotal": "",
            "BuildingAreaTotalSF": "1458.00",
            "PropertyType": "Commercial",
            "City": "Calgary",
            "ListingId": "A2063793",
            "image_url": "storage\/84483327\/photo-84483327-1.jpeg",
            "LivingAreaSF": "",
            "StateOrProvince": "Alberta"
        },
        {
            "id": 2994,
            "StreetNumber": "260300",
            "StreetDirPrefix": "",
            "UnparsedAddress": "72, 260300 Writing Creek Crescent ",
            "slug_url": "72-260300-writing-creek-crescent",
            "StreetName": "Writing Creek",
            "StreetSuffix": "Crescent",
            "UnitNumber": "72",
            "ListPrice": "189000.00",
            "BathroomsFull": "",
            "BedroomsTotal": "",
            "BuildingAreaTotalSF": "151.00",
            "PropertyType": "Commercial",
            "City": "Balzac",
            "ListingId": "A2069735",
            "image_url": "storage\/85104869\/photo-85104869-1.jpeg",
            "LivingAreaSF": "",
            "StateOrProvince": "Alberta"
        },
        {
            "id": 3264,
            "StreetNumber": "",
            "StreetDirPrefix": "",
            "UnparsedAddress": "",
            "slug_url": "",
            "StreetName": "",
            "StreetSuffix": "",
            "UnitNumber": "",
            "ListPrice": "1200000.00",
            "BathroomsFull": "",
            "BedroomsTotal": "",
            "BuildingAreaTotalSF": "2178.96",
            "PropertyType": "Commercial",
            "City": "Calgary",
            "ListingId": "A2073668",
            "image_url": "storage\/85452790\/photo-85452790-1.jpeg",
            "LivingAreaSF": "",
            "StateOrProvince": "Alberta"
        },
        {
            "id": 3736,
            "StreetNumber": "243134",
            "StreetDirPrefix": "",
            "UnparsedAddress": "243134 31A Range Road ",
            "slug_url": "243134-31a-range-road",
            "StreetName": "31A Range",
            "StreetSuffix": "Road",
            "UnitNumber": "",
            "ListPrice": "2998000.00",
            "BathroomsFull": "4",
            "BedroomsTotal": "5",
            "BuildingAreaTotalSF": "",
            "PropertyType": "Residential",
            "City": "Rural Rocky View County",
            "ListingId": "A2079657",
            "image_url": "storage\/86008450\/photo-86008450-1.jpeg",
            "LivingAreaSF": "4042.15",
            "StateOrProvince": "Alberta"
        },
        {
            "id": 3761,
            "StreetNumber": "260300",
            "StreetDirPrefix": "",
            "UnparsedAddress": "539, 260300 Writing Creek Crescent ",
            "slug_url": "539-260300-writing-creek-crescent",
            "StreetName": "Writing Creek",
            "StreetSuffix": "Crescent",
            "UnitNumber": "539",
            "ListPrice": "379800.00",
            "BathroomsFull": "",
            "BedroomsTotal": "",
            "BuildingAreaTotalSF": "436.00",
            "PropertyType": "Commercial",
            "City": "Rural Rocky View County",
            "ListingId": "A2080023",
            "image_url": "storage\/86033429\/photo-86033429-1.jpeg",
            "LivingAreaSF": "",
            "StateOrProvince": "Alberta"
        },
        {
            "id": 3791,
            "StreetNumber": "552",
            "StreetDirPrefix": "",
            "UnparsedAddress": "552 Northmount Drive NW",
            "slug_url": "552-northmount-drive-nw",
            "StreetName": "Northmount",
            "StreetSuffix": "Drive",
            "UnitNumber": "",
            "ListPrice": "3830000.00",
            "BathroomsFull": "",
            "BedroomsTotal": "",
            "BuildingAreaTotalSF": "8234.00",
            "PropertyType": "Commercial",
            "City": "Calgary",
            "ListingId": "A2080262",
            "image_url": "storage\/86049480\/photo-86049480-1.jpeg",
            "LivingAreaSF": "",
            "StateOrProvince": "Alberta"
        },
        {
            "id": 4035,
            "StreetNumber": "",
            "StreetDirPrefix": "",
            "UnparsedAddress": "",
            "slug_url": "",
            "StreetName": "",
            "StreetSuffix": "",
            "UnitNumber": "",
            "ListPrice": "3065000.00",
            "BathroomsFull": "",
            "BedroomsTotal": "",
            "BuildingAreaTotalSF": "16504.00",
            "PropertyType": "Commercial",
            "City": "Calgary",
            "ListingId": "A2083003",
            "image_url": "storage\/86294865\/photo-86294865-1.jpeg",
            "LivingAreaSF": "",
            "StateOrProvince": "Alberta"
        },
        {
            "id": 4097,
            "StreetNumber": "1131",
            "StreetDirPrefix": "",
            "UnparsedAddress": "1131 Reader Crescent NE",
            "slug_url": "1131-reader-crescent-ne",
            "StreetName": "Reader",
            "StreetSuffix": "Crescent",
            "UnitNumber": "",
            "ListPrice": "1648888.00",
            "BathroomsFull": "2",
            "BedroomsTotal": "3",
            "BuildingAreaTotalSF": "",
            "PropertyType": "Residential",
            "City": "Calgary",
            "ListingId": "A2083413",
            "image_url": "storage\/86324463\/photo-86324463-1.jpeg",
            "LivingAreaSF": "2112.93",
            "StateOrProvince": "Alberta"
        }
    ],
    "featured_count": 12,
    "diamond_properties": [
        {
            "id": 1863,
            "StreetNumber": "328",
            "StreetDirPrefix": "",
            "UnparsedAddress": "328 Silver Crest Drive NW",
            "slug_url": "328-silver-crest-drive-nw",
            "StreetName": "Silver Crest",
            "StreetSuffix": "Drive",
            "UnitNumber": "",
            "ListPrice": "1175000.00",
            "BathroomsFull": "",
            "BedroomsTotal": "",
            "BuildingAreaTotalSF": "",
            "PropertyType": "Land",
            "City": "Calgary",
            "ListingId": "A2042507",
            "image_url": "https://myproagents.com/storage/85452790/photo-85452790-1.jpeg",
            "LivingAreaSF": "",
            "StateOrProvince": "Alberta"
        },
        {
            "id": 2398,
            "StreetNumber": "5-5-32-33-SE",
            "StreetDirPrefix": "",
            "UnparsedAddress": "5-5-32-33-SE none  ",
            "slug_url": "5-5-32-33-se-none",
            "StreetName": "none",
            "StreetSuffix": "",
            "UnitNumber": "",
            "ListPrice": "1950000.00",
            "BathroomsFull": "",
            "BedroomsTotal": "",
            "BuildingAreaTotalSF": "",
            "PropertyType": "Land",
            "City": "Sundre",
            "ListingId": "A2056674",
            "image_url": "storage\/83730391\/photo-83730391-1.jpeg",
            "LivingAreaSF": "",
            "StateOrProvince": "Alberta"
        },
        {
            "id": 2711,
            "StreetNumber": "",
            "StreetDirPrefix": "",
            "UnparsedAddress": "",
            "slug_url": "",
            "StreetName": "",
            "StreetSuffix": "",
            "UnitNumber": "",
            "ListPrice": "129000.00",
            "BathroomsFull": "",
            "BedroomsTotal": "",
            "BuildingAreaTotalSF": "1458.00",
            "PropertyType": "Commercial",
            "City": "Calgary",
            "ListingId": "A2063793",
            "image_url": "storage\/84483327\/photo-84483327-1.jpeg",
            "LivingAreaSF": "",
            "StateOrProvince": "Alberta"
        },
        {
            "id": 2994,
            "StreetNumber": "260300",
            "StreetDirPrefix": "",
            "UnparsedAddress": "72, 260300 Writing Creek Crescent ",
            "slug_url": "72-260300-writing-creek-crescent",
            "StreetName": "Writing Creek",
            "StreetSuffix": "Crescent",
            "UnitNumber": "72",
            "ListPrice": "189000.00",
            "BathroomsFull": "",
            "BedroomsTotal": "",
            "BuildingAreaTotalSF": "151.00",
            "PropertyType": "Commercial",
            "City": "Balzac",
            "ListingId": "A2069735",
            "image_url": "storage\/85104869\/photo-85104869-1.jpeg",
            "LivingAreaSF": "",
            "StateOrProvince": "Alberta"
        },
        {
            "id": 3264,
            "StreetNumber": "",
            "StreetDirPrefix": "",
            "UnparsedAddress": "",
            "slug_url": "",
            "StreetName": "",
            "StreetSuffix": "",
            "UnitNumber": "",
            "ListPrice": "1200000.00",
            "BathroomsFull": "",
            "BedroomsTotal": "",
            "BuildingAreaTotalSF": "2178.96",
            "PropertyType": "Commercial",
            "City": "Calgary",
            "ListingId": "A2073668",
            "image_url": "storage\/85452790\/photo-85452790-1.jpeg",
            "LivingAreaSF": "",
            "StateOrProvince": "Alberta"
        },
        {
            "id": 3736,
            "StreetNumber": "243134",
            "StreetDirPrefix": "",
            "UnparsedAddress": "243134 31A Range Road ",
            "slug_url": "243134-31a-range-road",
            "StreetName": "31A Range",
            "StreetSuffix": "Road",
            "UnitNumber": "",
            "ListPrice": "2998000.00",
            "BathroomsFull": "4",
            "BedroomsTotal": "5",
            "BuildingAreaTotalSF": "",
            "PropertyType": "Residential",
            "City": "Rural Rocky View County",
            "ListingId": "A2079657",
            "image_url": "storage\/86008450\/photo-86008450-1.jpeg",
            "LivingAreaSF": "4042.15",
            "StateOrProvince": "Alberta"
        },
        {
            "id": 3761,
            "StreetNumber": "260300",
            "StreetDirPrefix": "",
            "UnparsedAddress": "539, 260300 Writing Creek Crescent ",
            "slug_url": "539-260300-writing-creek-crescent",
            "StreetName": "Writing Creek",
            "StreetSuffix": "Crescent",
            "UnitNumber": "539",
            "ListPrice": "379800.00",
            "BathroomsFull": "",
            "BedroomsTotal": "",
            "BuildingAreaTotalSF": "436.00",
            "PropertyType": "Commercial",
            "City": "Rural Rocky View County",
            "ListingId": "A2080023",
            "image_url": "storage\/86033429\/photo-86033429-1.jpeg",
            "LivingAreaSF": "",
            "StateOrProvince": "Alberta"
        },
        {
            "id": 3791,
            "StreetNumber": "552",
            "StreetDirPrefix": "",
            "UnparsedAddress": "552 Northmount Drive NW",
            "slug_url": "552-northmount-drive-nw",
            "StreetName": "Northmount",
            "StreetSuffix": "Drive",
            "UnitNumber": "",
            "ListPrice": "3830000.00",
            "BathroomsFull": "",
            "BedroomsTotal": "",
            "BuildingAreaTotalSF": "8234.00",
            "PropertyType": "Commercial",
            "City": "Calgary",
            "ListingId": "A2080262",
            "image_url": "storage\/86049480\/photo-86049480-1.jpeg",
            "LivingAreaSF": "",
            "StateOrProvince": "Alberta"
        },
        {
            "id": 4035,
            "StreetNumber": "",
            "StreetDirPrefix": "",
            "UnparsedAddress": "",
            "slug_url": "",
            "StreetName": "",
            "StreetSuffix": "",
            "UnitNumber": "",
            "ListPrice": "3065000.00",
            "BathroomsFull": "",
            "BedroomsTotal": "",
            "BuildingAreaTotalSF": "16504.00",
            "PropertyType": "Commercial",
            "City": "Calgary",
            "ListingId": "A2083003",
            "image_url": "storage\/86294865\/photo-86294865-1.jpeg",
            "LivingAreaSF": "",
            "StateOrProvince": "Alberta"
        },
        {
            "id": 4097,
            "StreetNumber": "1131",
            "StreetDirPrefix": "",
            "UnparsedAddress": "1131 Reader Crescent NE",
            "slug_url": "1131-reader-crescent-ne",
            "StreetName": "Reader",
            "StreetSuffix": "Crescent",
            "UnitNumber": "",
            "ListPrice": "1648888.00",
            "BathroomsFull": "2",
            "BedroomsTotal": "3",
            "BuildingAreaTotalSF": "",
            "PropertyType": "Residential",
            "City": "Calgary",
            "ListingId": "A2083413",
            "image_url": "storage\/86324463\/photo-86324463-1.jpeg",
            "LivingAreaSF": "2112.93",
            "StateOrProvince": "Alberta"
        },
        {
            "id": 4159,
            "StreetNumber": "",
            "StreetDirPrefix": "",
            "UnparsedAddress": "",
            "slug_url": "",
            "StreetName": "",
            "StreetSuffix": "",
            "UnitNumber": "",
            "ListPrice": "279999.00",
            "BathroomsFull": "",
            "BedroomsTotal": "",
            "BuildingAreaTotalSF": "1900.00",
            "PropertyType": "Commercial",
            "City": "Calgary",
            "ListingId": "A2083922",
            "image_url": "storage\/86362564\/photo-86362564-1.jpeg",
            "LivingAreaSF": "",
            "StateOrProvince": "Alberta"
        },
        {
            "id": 4213,
            "StreetNumber": "240",
            "StreetDirPrefix": "",
            "UnparsedAddress": "4207, 240 Skyview Ranch Road NE",
            "slug_url": "4207-240-skyview-ranch-road-ne",
            "StreetName": "Skyview Ranch",
            "StreetSuffix": "Road",
            "UnitNumber": "4207",
            "ListPrice": "310000.00",
            "BathroomsFull": "2",
            "BedroomsTotal": "2",
            "BuildingAreaTotalSF": "",
            "PropertyType": "Residential",
            "City": "Calgary",
            "ListingId": "A2084522",
            "image_url": "storage\/86424350\/photo-86424350-1.jpeg",
            "LivingAreaSF": "942.80",
            "StateOrProvince": "Alberta"
        }
    ],
    "diamond_count": 12
}